Date,Ticker,Predicted,Actual,Result,Reason
2026-08-31,7203.T,0,,,
2026-08-31,9984.T,0,,,
2026-08-31,7203.T,0,,,
2026-08-31,9984.T,0,,,
2026-08-31,7203.T,0,,,
2026-08-31,6758.T,0,,,
2026-08-31,1928.T,0,,,
2026-08-31,5401.T,0,,,
2026-08-31,8411.T,0,,,
2026-08-31,2503.T,0,,,
2026-08-31,8031.T,0,,,
2026-08-31,8058.T,0,,,
2026-08-31,9201.T,0,,,
2026-08-31,4901.T,0,,,
2026-08-31,7203.T,0,,,
2026-08-31,9984.T,0,,,
2026-09-01,7203.T,0,,,
2026-09-01,6758.T,0,,,
2026-09-01,1928.T,0,,,
2026-09-01,5401.T,0,,,
2026-09-01,8411.T,0,,,
2026-09-01,2503.T,0,,,
2026-09-01,8031.T,0,,,
2026-09-01,8058.T,0,,,
2026-09-01,9201.T,0,,,
2026-09-01,4901.T,0,,,
2026-09-01,7203.T,0,,,
2026-09-01,6758.T,0,,,
2026-09-01,1928.T,0,,,
2026-09-01,5401.T,0,,,
2026-09-01,8411.T,0,,,
2026-09-01,2503.T,0,,,
2026-09-01,8031.T,0,,,
2026-09-01,8058.T,0,,,
2026-09-01,9201.T,0,,,
2026-09-01,4901.T,0,,,
2026-09-01,7203.T,1,,,
2026-09-01,9984.T,0,,,
2026-09-01,7203.T,0,,,
2026-09-01,6758.T,0,,,
2026-09-01,1928.T,0,,,
2026-09-01,5401.T,0,,,
2026-09-01,8411.T,0,,,
2026-09-01,2503.T,0,,,
2026-09-01,8031.T,0,,,
2026-09-01,8058.T,0,,,
2026-09-01,9201.T,0,,,
2026-09-01,4901.T,0,,,
2026-09-02,7203.T,0,,,
2026-09-02,6758.T,0,,,
2026-09-02,1928.T,0,,,
2026-09-02,5401.T,0,,,
2026-09-02,8411.T,0,,,
2026-09-02,2503.T,0,,,
2026-09-02,8031.T,0,,,
2026-09-02,8058.T,0,,,
2026-09-02,9201.T,0,,,
2026-09-02,4901.T,0,,,
2026-09-02,7203.T,0,,,
2026-09-02,9984.T,1,,,
2026-09-02,7203.T,0,,,
2026-09-02,6758.T,0,,,
2026-09-02,1928.T,0,,,
2026-09-02,5401.T,0,,,
2026-09-02,8411.T,0,,,
2026-09-02,2503.T,0,,,
2026-09-02,8031.T,0,,,
2026-09-02,8058.T,0,,,
2026-09-02,9201.T,0,,,
2026-09-02,4901.T,0,,,
2026-09-03,7203.T,0,,,
2026-09-03,9984.T,0,,,
2026-09-04,7203.T,0,,,
2026-09-04,9984.T,0,,,
2026-09-07,7203.T,0,,,
2026-09-07,9984.T,0,,,
2026-09-08,7203.T,0,,,
2026-09-08,9984.T,1,,,
2026-09-09,7203.T,0,,,
2026-09-09,9984.T,0,,,
2026-09-10,7203.T,0,,,
2026-09-10,9984.T,0,,,
2026-09-11,7203.T,0,,,
2026-09-11,9984.T,0,,,
2026-09-14,7203.T,0,,,
2026-09-14,9984.T,1,,,
2026-09-15,7203.T,0,,,
2026-09-15,9984.T,0,,,
2026-09-16,7203.T,0,,,
2026-09-16,9984.T,0,,,
2026-09-17,7203.T,1,,,
2026-09-17,9984.T,0,,,
2026-09-18,7203.T,0,,,
2026-09-18,9984.T,0,,,
2026-09-21,7203.T,0,,,米10年債利回り変動率(下落寄与: -0.46) / ドル円変動率(下落寄与: -0.27) / 日経平均変動率(下落寄与: -0.24)
2026-09-21,6758.T,0,,,米10年債利回り変動率(下落寄与: -0.38) / ドル円変動率(下落寄与: -0.28) / 日経平均変動率(下落寄与: -0.24)
2026-09-21,1928.T,0,,,米10年債利回り変動率(下落寄与: -0.41) / ドル円変動率(下落寄与: -0.27) / 日経平均変動率(下落寄与: -0.24)
2026-09-21,5401.T,0,,,米10年債利回り変動率(下落寄与: -0.45) / 日経平均変動率(下落寄与: -0.25) / ドル円変動率(下落寄与: -0.22)
2026-09-21,8411.T,0,,,米10年債利回り変動率(下落寄与: -0.34) / ドル円変動率(下落寄与: -0.23) / PER(上昇寄与: +0.22)
2026-09-21,2503.T,0,,,米10年債利回り変動率(下落寄与: -0.40) / ドル円変動率(下落寄与: -0.27) / 日経平均変動率(下落寄与: -0.25)
2026-09-21,8031.T,0,,,米10年債利回り変動率(下落寄与: -0.30) / 日経平均変動率(下落寄与: -0.26) / ドル円変動率(下落寄与: -0.24)
2026-09-21,8058.T,0,,,米10年債利回り変動率(下落寄与: -0.32) / ドル円変動率(下落寄与: -0.24) / 日経平均変動率(下落寄与: -0.24)
2026-09-21,9201.T,0,,,米10年債利回り変動率(下落寄与: -0.50) / 日経平均変動率(下落寄与: -0.26) / ドル円変動率(下落寄与: -0.24)
2026-09-21,4901.T,0,,,米10年債利回り変動率(下落寄与: -0.40) / ドル円変動率(下落寄与: -0.28) / 日経平均変動率(下落寄与: -0.26)
2026-09-21,6501.T,0,,,米10年債利回り変動率(下落寄与: -0.31) / PER(上昇寄与: +0.25) / 日経平均変動率(下落寄与: -0.19)
2026-09-21,8306.T,0,,,米10年債利回り変動率(下落寄与: -0.36) / PER(上昇寄与: +0.26) / ドル円変動率(下落寄与: -0.24)
2026-09-21,9984.T,0,,,米10年債利回り変動率(下落寄与: -0.26) / ドル円変動率(下落寄与: -0.18) / 日経平均変動率(下落寄与: -0.17)
2026-09-21,7203.T,1,,,
2026-09-21,9984.T,0,,,
2026-09-22,7203.T,1,,,
2026-09-22,9984.T,0,,,
2026-09-23,7203.T,1,,,
2026-09-23,9984.T,0,,,
2026-09-24,7203.T,0,,,
2026-09-24,9984.T,0,,,
2026-09-25,7203.T,0,,,
2026-09-25,9984.T,0,,,
2026-09-28,7203.T,0,,,RSI(上昇寄与: +0.20) / ドル円変動率(下落寄与: -0.13) / 米10年債利回り変動率(下落寄与: -0.11)
2026-09-28,6758.T,0,,,ドル円変動率(下落寄与: -0.18) / VIX変動率(上昇寄与: +0.13) / S&P500変動率(上昇寄与: +0.11)
2026-09-28,1928.T,0,,,ドル円変動率(下落寄与: -0.18) / ATR(ボラティリティ)(下落寄与: -0.16) / 米10年債利回り変動率(下落寄与: -0.11)
2026-09-28,5401.T,0,,,ドル円変動率(下落寄与: -0.20) / ATR(ボラティリティ)(下落寄与: -0.19) / 米10年債利回り変動率(下落寄与: -0.11)
2026-09-28,8411.T,1,,,S&P500変動率(上昇寄与: +0.33) / PER(上昇寄与: +0.25) / ドル円変動率(下落寄与: -0.13)
2026-09-28,2503.T,0,,,ドル円変動率(下落寄与: -0.17) / ボリンジャー下限(下落寄与: -0.12) / VIX変動率(上昇寄与: +0.12)
2026-09-28,8031.T,0,,,ドル円変動率(下落寄与: -0.17) / VIX変動率(上昇寄与: +0.12) / PER(下落寄与: -0.10)
2026-09-28,8058.T,0,,,ドル円変動率(下落寄与: -0.15) / S&P500変動率(上昇寄与: +0.13) / VIX変動率(上昇寄与: +0.12)
2026-09-28,9201.T,0,,,RSI(下落寄与: -0.29) / ATR(ボラティリティ)(下落寄与: -0.24) / 米10年債利回り変動率(下落寄与: -0.17)
2026-09-28,4901.T,0,,,ドル円変動率(下落寄与: -0.14) / S&P500変動率(上昇寄与: +0.11) / VIX変動率(上昇寄与: +0.11)
2026-09-28,6501.T,1,,,PER(上昇寄与: +0.23) / S&P500変動率(上昇寄与: +0.20) / ドル円変動率(下落寄与: -0.14)
2026-09-28,8306.T,1,,,PER(上昇寄与: +0.25) / S&P500変動率(上昇寄与: +0.23) / ドル円変動率(下落寄与: -0.13)
2026-09-28,9984.T,1,,,MACD(上昇寄与: +0.49) / VIX変動率(上昇寄与: +0.28) / S&P500変動率(上昇寄与: +0.23)
2026-09-28,7203.T,0,,,
2026-09-28,9984.T,0,,,
2026-09-29,7203.T,0,,,
2026-09-29,9984.T,0,,,
2026-09-30,7203.T,0,,,
2026-09-30,9984.T,0,,,
